id,complex_name,count,accession_numbers
310,Cell cycle kinase complex CDC2,4,"['P38936', 'P06493', 'O95067', 'P24385']"
7977,cBAF complex,4,"['P51531', 'O14497', 'Q969G3', 'Q92785']"
311,Cell cycle kinase complex CDK2,3,"['P38936', 'P24941', 'P24385']"
7851,APC/C-ANAPC16 complex,3,"['Q96DE5', 'Q9UJX4', 'Q13042']"
96,Anaphase-promoting complex,3,"['Q9UJX4', 'Q13042', 'Q9UM13']"
8008,"APC/C complex, 1.5 MDa",3,"['Q9UJX4', 'Q13042', 'Q8NHZ8']"
189,BAF complex,3,"['P51531', 'O14497', 'Q969G3']"
238,SWI-SNF chromatin remodeling-related-BRCA1 complex,3,"['P51531', 'O14497', 'Q969G3']"
711,Brm-associated complex,3,"['P51531', 'O14497', 'Q969G3']"
714,BRM-SIN3A complex,3,"['P51531', 'O14497', 'Q969G3']"
806,BRM-SIN3A-HDAC complex,3,"['P51531', 'O14497', 'Q969G3']"
808,BRM-associated complex,3,"['P51531', 'O14497', 'Q969G3']"
1237,BAF complex,3,"['P51531', 'O14497', 'Q969G3']"
1251,BAF complex,3,"['P51531', 'O14497', 'Q969G3']"
7372,BRD7-SWI–SNF complex,3,"['P51531', 'O14497', 'Q969G3']"
8391,"Spliceosome, E complex",3,"['P51531', 'O14497', 'Q969G3']"
778,LARC complex (LCR-associated remodeling complex),3,"['O14497', 'Q969G3', 'Q92785']"
7974,cBAF complex,3,"['O14497', 'Q969G3', 'Q92785']"
30,PA28 complex,2,"['Q9UL46', 'Q06323']"
192,PA28-20S proteasome,2,"['Q9UL46', 'Q06323']"
193,PA700-20S-PA28 complex,2,"['Q9UL46', 'Q06323']"
1845,APC-IQGAP1-CLIP-170 complex,2,"['P30622', 'P46940']"
7965,DCTN1-DYNC1I1-NUDC-PLK1 complex,2,"['P53350', 'Q14203']"
2170,"Ubiquitin E3 ligase (CDC34, CUL1, RBX1)",2,"['P49427', 'Q13616']"
1633,CyclinD1-CDK4-CDK6 complex,2,"['Q00534', 'P24385']"
3087,CCND1-CDK6 complex,2,"['Q00534', 'P24385']"
5101,CyclinD3-CDK4-CDK6-p21 complex,2,"['Q00534', 'P38936']"
5615,Emerin complex 52,2,"['P46940', 'P62258']"
5253,MNK1-eIF4F complex,2,"['P06730', 'Q04637']"
312,Cell cycle kinase complex CDK4,2,"['P38936', 'P24385']"
313,Cell cycle kinase complex CDK5,2,"['P38936', 'P24385']"
6300,CDKN1A-TP53-CDK1-PCNA complex,2,"['P38936', 'P06493']"
6039,Dynein-dynactin complex,2,"['Q9Y6G9', 'Q14203']"
1004,"RC complex, S-phase-specific",2,"['P35244', 'P24941']"
1005,"RC complex, G2/M-phase-specific",2,"['P35244', 'P06493']"
10264,NEK9-TUBB4B complex,2,"['Q8TD19', 'P68371']"
3015,"p27-cyclinE-Cdk2 - Ubiquitin E3 ligase (SKP1A, SKP2, CUL1, CKS1B, RBX1) complex",2,"['Q13616', 'P24941']"
5196,"TNF-alpha/NF-kappa B signaling complex (CHUK, BTRC, NFKB2, PPP6C, REL, CUL1, IKBKE, SAPS2, SAPS1, ANKRD28, RELA, SKP1)",2,"['Q13616', 'O00743']"
5542,CCNB2-CDC2 complex,2,"['P06493', 'O95067']"
1181,C complex spliceosome,2,"['O43660', 'Q13523']"
11150,RRM1-RRM2 complex,2,"['P31350', 'P23921']"
8156,RAN-RCC1 complex,2,"['P18754', 'P62826']"
8300,RAN-RANBP1-RCC1 complex,2,"['P18754', 'P62826']"
10244,RCC1-TUBB2A complex,2,"['P18754', 'Q13885']"
1162,"Ubiquitin E3 ligase (DDB1, DDB2, CUL4A, CUL4B, RBX1)",2,"['Q13619', 'Q13620']"
7979,WDTC1-DDB1-CUL4-ROC1 E3 ligase complex,2,"['Q13619', 'Q13620']"
9053,UV-DDB complex,2,"['Q13619', 'Q13620']"
7664,EZR-MSN-PAG1-RDX-SLC9A3R1 complex,2,"['P35241', 'O14745']"
1400,ASCOM complex,2,"['P68366', 'P07437']"
93,Anaphase-promoting complex,2,"['Q9UJX4', 'Q13042']"
8007,APC/C complex,2,"['Q9UJX4', 'Q13042']"
1257,ALL-1 supercomplex,2,"['P51531', 'P62826']"
5184,SWI/SNF-related chromatin-remodeling complex,2,"['P51531', 'Q969G3']"
7376,BRD7-CBP-SWI–SNF complex,2,"['P51531', 'Q969G3']"
7978,PBAF complex,2,"['P51531', 'Q969G3']"
6789,EGFR-NHERF1-PTEN complex,2,"['O14745', 'P00533']"
9698,HDAC7-CTNNB1-YWHAE-YWHAH-YWHAZ complex,2,"['P62258', 'P35222']"
86,NUMAC complex (nucleosomal methylation activator complex),2,"['O14497', 'Q969G3']"
555,BAF complex,2,"['O14497', 'Q969G3']"
566,BAF complex,2,"['O14497', 'Q969G3']"
713,BRG1-SIN3A complex,2,"['O14497', 'Q969G3']"
803,BRG1-SIN3A-HDAC containing SWI/SNF remodeling complex I,2,"['O14497', 'Q969G3']"
807,BRG1-associated complex,2,"['O14497', 'Q969G3']"
1252,EBAFa complex,2,"['O14497', 'Q969G3']"
6703,TBCD-tubulin(alpha)-tubulin(beta) complex,2,"['P07437', 'Q9BTW9']"
6713,TBCD-ARL2-tubulin(beta) complex,2,"['P07437', 'Q9BTW9']"
6715,TBCD-ARL2-tubulin(beta)-TBCE complex,2,"['P07437', 'Q9BTW9']"
8028,CD4 receptor complex,2,"['P07437', 'Q9BQE3']"
8117,PCID2-ENY2-GANP-SEM1-CETN2 complex,1,['P41208']
8249,CETN2-RAD23B-XPC complex,1,['P41208']
8250,CETN2-RAD23A-XPC complex,1,['P41208']
8554,CALM1-CCP110-CETN2 complex,1,['P41208']
8674,Nuclear pore complex,1,['P12270']
1167,Paf complex,1,['Q6P1J9']
6671,PI4K2A-WASH complex,1,['P50570']
10564,DNM2-KDR complex,1,['P50570']
7479,Astrin-kinastrin complex,1,['P53350']
7793,FOXK1-PLK1-SPAG9 complex,1,['P53350']
7794,FOXK2-PLK1-SPAG9 complex,1,['P53350']
5373,"Chromatin remodeling complex (KAT2B, TACC2, TACC3)",1,['Q9Y6A5']
7325,HINT1-UBC3-RBX1 complex,1,['P49427']
3088,CCND2-CDK6 complex,1,['Q00534']
3089,CCND3-CDK6 complex,1,['Q00534']
5100,CyclinD3-CDK4-CDK6 complex,1,['Q00534']
9157,AR-CDK6 complex,1,['Q00534']
9985,AKAP8-PDE4A-PRKAR2A complex,1,['O43823']
1844,APC-IQGAP1 complex,1,['P46940']
3008,60S APC containing complex,1,['P46940']
3011,APC-IQGAP1-Rac1 complex,1,['P46940']
3012,APC-IQGAP1-Cdc42 complex,1,['P46940']
6729,CXCR2-IQGAP1 complex,1,['P46940']
7557,LGR4-RSPO supercomplex,1,['P46940']
7904,IQGAP1-NLRC3 complex,1,['P46940']
7900,NEK7-NLRP3 inflammasome,1,['Q8TDX7']
2159,AKT1-APPL1-AR complex,1,['Q9UKG1']
7406,AKT1-APPL1-HDAC3 complex,1,['Q9UKG1']
2203,BRD4-RFC complex,1,['O60885']
2600,BRD4 complex,1,['O60885']
2601,P-TEFb-BRD4-TRAP220 complex,1,['O60885']
2875,BRD4-P-TEFb complex,1,['O60885']
314,PCNA-p21 complex,1,['P38936']
5622,HSP90-CIP1-FKBPL complex,1,['P38936']
815,MRIP-MBS-RHOA complex,1,['O14974']
817,MRIP-MBS complex,1,['O14974']
8010,Aurora A-TPX2 complex,1,['Q9ULW0']
8011,Aurora A-TPX2-NuMA complex,1,['Q9ULW0']
127,NDC80 kinetochore complex,1,['O14777']
7542,KNL1-MIS12-NDC80-SPC24-ZWINT complex,1,['O14777']
8576,NDC80-ZW10-ZWINT complex,1,['O14777']
6038,Dynein complex,1,['Q9Y6G9']
6226,Rab11a-FIP3-DLIC-1 complex,1,['Q9Y6G9']
10008,TOMM40-TUBB6 complex,1,['Q9BUF5']
10010,TUBB6-TUBG1 complex,1,['Q9BUF5']
10268,CAPZA2-TUBB6 complex,1,['Q9BUF5']
10269,PPP6R1-TUBB6 complex,1,['Q9BUF5']
10440,ANG-TUBB6 complex,1,['Q9BUF5']
3055,Nop56p-associated pre-rRNA complex,1,['Q14978']
244,BRAFT complex,1,['P35244']
248,BRAFT complex,1,['P35244']
1098,"DNA synthesome complex, leukemia cells",1,['P35244']
1111,"DNA synthesome complex, breast cancer MCF7 cells",1,['P35244']
2738,BLM complex II,1,['P35244']
5229,RPA complex,1,['P35244']
8248,RPA1-RPA2-RPA3-XPA complex,1,['P35244']
934,FACT-NEK9 complex,1,['Q8TD19']
219,CAND1-CUL1-RBX1 complex,1,['Q13616']
226,"Ubiquitin E3 ligase (SKP1A, SKP2, CUL1)",1,['Q13616']
227,"Ubiquitin E3 ligase (SKP1A, BTRC, CUL1)",1,['Q13616']
390,"Ubiquitin E3 ligase (SKP1A, FBXW2, CUL1)",1,['Q13616']
729,"Ubiquitin E3 ligase (FBXO31, SKP1A, CUL1, RBX1)",1,['Q13616']
781,URI complex (Unconventional prefoldin RPB5 Interactor),1,['Q13616']
1051,"Ubiquitin E3 ligase (SKP1A, SKP2, CUL1, RBX1)",1,['Q13616']
1052,"Ubiquitin E3 ligase (FBXW11, SKP1A, CUL1, RBX1)",1,['Q13616']
1215,"Ubiquitin E3 ligase (FBXW7, CUL1, SKP1A, RBX1)",1,['Q13616']
1260,"Neddylin ligase (FBXO11, SKP1, CUL1, RBX1)",1,['Q13616']
2188,"Ubiquitin E3 ligase (CDC34, NEDD8, BTRC, CUL1, SKP1A, RBX1)",1,['Q13616']
2189,"Ubiquitin E3 ligase (SMAD3, BTRC, CUL1, SKP1A, RBX1)",1,['Q13616']
2191,"Ubiquitin E3 ligase (FBXO18, SKP1A, CUL1, RBX1)",1,['Q13616']
2192,"Ubiquitin E3 ligase (NIPA, SKP1A, CUL1, RBX1)",1,['Q13616']
2714,"Ubiquitin E3 ligase (CHEK1, CUL1)",1,['Q13616']
2715,"Ubiquitin E3 ligase (CUL1/2/3, CSN1/8, RBX1, SKP1/2)",1,['Q13616']
2724,"Ubiquitin E3 ligase (NFKBIA, BTRC, CUL1, SKP1A)",1,['Q13616']
2725,"Ubiquitin E3 ligase (NFKBIA, FBXW11, CUL1, SKP1A)",1,['Q13616']
2772,"Ubiquitin E3 ligase (CRY1, SKP1A, CUL1, FBXL3)",1,['Q13616']
2773,"Ubiquitin E3 ligase (CRY2, SKP1A, CUL1, FBXL3)",1,['Q13616']
2880,"Ubiquitin E3 ligase (FBXW11, SKP1, CUL1)",1,['Q13616']
2881,"Ubiquitin E3 ligase (BTRC, CUL1, RBX1, SKP1)",1,['Q13616']
3036,"Ubiquitin E3 ligase (SKP1A, SKP2, CUL1, CKS1B, RBX1)",1,['Q13616']
4072,"Ubiquitin E3 ligase (CUL1, RBX1, SKP1)",1,['Q13616']
5233,TNFalpha-NFkappa B signaling complex 5,1,['Q13616']
6658,CCDC22-COMMD8-CUL1 complex,1,['Q13616']
6900,"Ubiquitin E3 ligase (CUL1, FBXO10, SKP1)",1,['Q13616']
6901,"Ubiquitin E3 ligase (CUL1, FBXO6, RBX1, SKP1)",1,['Q13616']
6902,"Ubiquitin E3 ligase (CUL1, FBXO17, RBX1, SKP1)",1,['Q13616']
6903,"Ubiquitin E3 ligase (CUL1, FBXO27, RBX1, SKP1)",1,['Q13616']
6904,"Ubiquitin E3 ligase (CUL1, FBXO44, RBX1, SKP1)",1,['Q13616']
243,RalBP1-CDC2-CCNB1 complex,1,['P06493']
5543,CCNB1-CDK1 complex,1,['P06493']
5544,CCNB1-CDK1-GADD45A-PCNA complex,1,['P06493']
5545,CCNB1-CDK1-GADD45B-PCNA complex,1,['P06493']
5546,CCNB1-CDK1-GADD45G-PCNA complex,1,['P06493']
5550,CDK1-CCNB1-CCNF complex,1,['P06493']
5551,CCNB1-CDK1-PTCH1 complex,1,['P06493']
5557,CCNA2-CDK1 complex,1,['P06493']
5643,ESPL1-CDC2 complex,1,['P06493']
10224,CDK1-DNMT3A complex,1,['P06493']
6893,Gamma-tubulin complex,1,['Q9BSJ2']
1182,CDC5L core complex,1,['O43660']
1183,CDC5L complex,1,['O43660']
7936,PSO4 complex,1,['O43660']
7937,PSO4-WRN complex,1,['O43660']
7938,CDC5L-PRP19 complex,1,['O43660']
8369,"Spliceosome, C complex",1,['O43660']
8372,"Spliceosome, A complex",1,['O43660']
9340,ANXA1-PIK3CA complex,1,['P04083']
10273,RCC1-TUBB2B complex,1,['P18754']
7241,SNCA-TUBB3 complex,1,['Q13509']
9285,GBP1-TUBB3 complex,1,['Q13509']
9291,GBP1-PIM1-TUBB3 complex,1,['Q13509']
10436,ANG-TUBB3 complex,1,['Q13509']
8317,AKT1-CDC37-CDK4-HSPA1A-HSP90AA1-NR3C1-PPP5C-RAF1-TSC1-TSC2 complex,1,['P53041']
223,CAND1-CUL4A-RBX1 complex,1,['Q13619']
391,"Ubiquitin E3 ligase (DDB1, CUL4A, RBX1)",1,['Q13619']
726,DDB2 complex,1,['Q13619']
727,CSA complex,1,['Q13619']
728,CSA-POLIIa complex,1,['Q13619']
929,CEN complex,1,['Q13619']
1214,"Ubiquitin E3 ligase (DET1, DDB1, CUL4A, RBX1, COP1)",1,['Q13619']
2171,"Ubiquitin E3 ligase (CHEK1, CUL4A)",1,['Q13619']
2172,"Ubiquitin E3 ligase (CDT1, DDB1, CUL4A, RBX1)",1,['Q13619']
6291,"Ubiquitin E3 ligase (DDIT4, DDB1, BTRC, CUL4A)",1,['Q13619']
6486,CUL4A-DDB1-DTL complex,1,['Q13619']
6488,CUL4A-DDB1-EED complex,1,['Q13619']
6489,CUL4A-DDB1-WDR5 complex,1,['Q13619']
6491,CUL4A-DDB1-RBBP5 complex,1,['Q13619']
6492,CUL4A-DDB1-WDR5B complex,1,['Q13619']
6493,CUL4A-DDB1-WDR57 complex,1,['Q13619']
6494,CUL4A-DDB1-WDR61 complex,1,['Q13619']
6550,CUL4B-DDB1-TLE1 complex,1,['Q13619']
6875,CRBN-DDB1-CUL4A-RBX1 E3 ubiquitin ligase,1,['Q13619']
9214,PARP1-XPC-DDB ligase complex,1,['Q13619']
517,AKAP5-PPP3CA-PRKAR2A complex,1,['Q08209']
2266,PPP3CA-PPP3CB-RCAN1 complex,1,['Q08209']
6023,Calcineurin,1,['Q08209']
6374,Calcineurin-FKBP1A complex,1,['Q08209']
11048,PPIA-PPP3CA-PPP3R1 complex,1,['Q08209']
1642,p16-cyclin D2-CDK4 complex,1,['P42771']
1118,"Chromosomal passenger complex CPC (INCENP, CDCA8, BIRC5, AURKB)",1,['Q53HL2']
1120,"Chromosomal passenger complex CPC (BIRC5, CDCA8, INCENP)",1,['Q53HL2']
2582,"Chromosomal passenger complex CPC (CDCA8, AURKB, BIRC5)",1,['Q53HL2']
6960,BICD2-dynein-dynactin complex,1,['Q14203']
8253,DCTN1-OSBPL1A-RAB7A-RILP complex,1,['Q14203']
8543,Centriolar subdistal appendage,1,['Q14203']
207,"Ubiquitin E3 ligase (ASB2, TCEB1, TCEB2, CUL5, RNF7)",1,['Q93034']
208,"Ubiquitin E3 ligase (ASB1, TCEB1, TCEB2, CUL5, RNF7)",1,['Q93034']
209,"Ubiquitin E3 ligase (ASB6, TCEB1, TCEB2, CUL5, RNF7)",1,['Q93034']
210,"Ubiquitin E3 ligase (ASB7, TCEB1, TCEB2, CUL5, RNF7)",1,['Q93034']
211,"Ubiquitin E3 ligase (ASB12, TCEB1, TCEB2, CUL5, RNF7)",1,['Q93034']
214,"Ubiquitin E3 ligase (WSB1, TCEB1, TCEB2, CUL5, RBX1)",1,['Q93034']
6268,"Cullin-RING E3 ubiquitin ligase complex (ASB9, CUL5, TCEB1, TCEB2)",1,['Q93034']
9980,SOCS2 ubiquitin ligase complex,1,['Q93034']
11151,RRM1-RRM2B complex,1,['P23921']
11153,AHCYL1-RRM1-RRM2B  complex,1,['P23921']
6304,DDX11-Ctf18-RFC complex,1,['O75717']
6780,RAD6A-KCMF1-UBR4 complex,1,['P49459']
6236,"Dynein-2 complex, cytoplasmic",1,['P51808']
2183,KAISO-NCOR complex,1,['P52732']
7437,KAT2B-KIF11-MYSM1 complex,1,['P52732']
164,Cohesin-SA1 complex,1,['O60216']
166,Cohesin-SA2 complex,1,['O60216']
282,SNF2h-cohesin-NuRD complex,1,['O60216']
5432,Sororin-cohesin complex,1,['O60216']
6303,DDX11-RAD21-SMC1A-SMC3 complex,1,['O60216']
8099,NIPBL-RAD21-SMC1A complex,1,['O60216']
8166,CD63-syntenin-1 complex,1,['O00560']
8169,CD63-PDCD6IP-SDCBP complex,1,['O00560']
8173,PDCD6IP-SDCBP-SDC1 complex,1,['O00560']
10642,EFNB2-KDR-SDCBP complex,1,['O00560']
1448,LIN2-LIN7-SAP97 complex,1,['Q12959']
3207,LIN2-LIN7-SAP97-MINT1 complex,1,['Q12959']
3209,LIN2-SAP97 complex,1,['Q12959']
4869,beta(1)-AR receptosome (ADRB1-SAP97-AKAP79-PRKAR2A),1,['Q12959']
6260,MPP7-DLG1-LIN7A complex,1,['Q12959']
6263,MPP7-DLG1-LIN7C complex,1,['Q12959']
7329,CADM1-DLG1-MPP3-PIK3R1 complex,1,['Q12959']
723,MORF4L1-MRFAP1-RB1 complex,1,['P06400']
1250,RB1-E2F1 complex,1,['P06400']
1372,Rb-tal-1-E2A-Lmo2-Ldb1 complex,1,['P06400']
1488,DNMT1-E2F1-HDAC1-RB1 complex,1,['P06400']
3269,RB1-HDAC1-BRG1 complex,1,['P06400']
3853,Rb-HDAC1 complex,1,['P06400']
5099,RB1(hypophosphorylated)-E2F4 complex,1,['P06400']
5146,RB1-TFAP2A complex,1,['P06400']
5611,Emerin complex 24,1,['P06400']
5656,CEBPE-E2F1-RB1 complex,1,['P06400']
5663,TRIM27-RB1 complex,1,['P06400']
7995,E2F1-HDAC2-PA2G4-RB1 complex,1,['P06400']
9159,AR-RB1 complex,1,['P06400']
9595,HDAC3-PPARG-RB1 complex,1,['P06400']
11078,PPIA-RB1 complex,1,['P06400']
1003,RC sub-complex,1,['P24941']
1656,p27-cyclinE-CDK2 complex,1,['P24941']
5556,CCNA2 -CDK2 complex,1,['P24941']
5560,CCNE1-CDK2 complex,1,['P24941']
6589,E2F-1-DP-1-cyclinA-CDK2 complex,1,['P24941']
8147,CDC25C-cyclinA-CDK2 complex,1,['P24941']
107,TFIIH transcription factor complex,1,['P51948']
1010,CCNH-CDK7-MNAT1 complex ,1,['P51948']
1029,TFIIH transcription factor complex,1,['P51948']
1030,CAK-ERCC2 complex,1,['P51948']
2657,CDK7-CCNH-ESR1-HDAC2-MNAT1-MTA1 complex,1,['P51948']
8105,"TFIIH transcription factor subcomplex, p63-specific",1,['P51948']
2551,PDGFRA-PIK3R1-PLCG1-PTPN11 complex,1,['Q06124']
3183,PDGFRA-PTPN11 complex,1,['Q06124']
3186,GRB2-PTPN11 complex,1,['Q06124']
5564,IL6ST-JAK1-LMO4-PTPN11-SOCS3 complex,1,['Q06124']
7441,HOOK1-SHP2 complex,1,['Q06124']
9470,PTK2B-PTPN11 complex,1,['Q06124']
2537,"PKC-alpha-PLD1-PLC-gamma-2 signaling complex, lacritin stimulated",1,['P17252']
6799,KDR-MAPK1-MAPK3-PRKCA-S1PR1 complex,1,['P17252']
6800,KDR-MAPK1-MAPK3-PRKCA-S1PR2 complex,1,['P17252']
6801,KDR-MAPK1-MAPK3-PRKCA-S1PR3 complex,1,['P17252']
6802,KDR-MAPK1-MAPK3-PRKCA-S1PR5 complex,1,['P17252']
9978,PDE7A-PRKCA complex,1,['P17252']
3060,"RNA polymerase II complex (RPB1, RAP74, CDK8, CYCC, SRB7, BAF190, BAF47), chromatin structure modifying",1,['P51531']
3064,"RNA polymerase II complex, chromatin structure modifying",1,['P51531']
3066,"RNA polymerase II complex, chromatin structure modifying",1,['P51531']
7373,BRD7-SWI–SNF-SUZ12 complex,1,['P51531']
7980,ncBAF complex,1,['P51531']
2383,ITGA5-ITGB1-FN1-TGM2 complex,1,['P05556']
2384,ITGA5-ITGB1-ADAM15 complex,1,['P05556']
2385,ITGA5-ITGB4 complex,1,['P05556']
2390,CD98-ITGB1-LAT2 complex,1,['P05556']
2395,ITGA7-ITGB1-CD151 complex,1,['P05556']
2396,ITGA7-ITGB1-CD9 complex,1,['P05556']
2397,ITGA7-ITGB1-ITGB1BP3 complex,1,['P05556']
2398,ITGA3-ITGB1-BSG complex,1,['P05556']
2399,ITGA3-ITGB1-CD63 complex,1,['P05556']
2401,ITGA3-ITGB1-THBS1 complex,1,['P05556']
2406,ITGA3-ITGB1 complex,1,['P05556']
2411,ITGA6-ITGB1-CD151 complex,1,['P05556']
2413,ITGA6-ITGB1 complex,1,['P05556']
2416,ITGB1-RAP1A-PKD1 complex,1,['P05556']
2417,ITGA4-ITGB1-EMILIN1 complex,1,['P05556']
2418,ITGA4-ITGB1 complex,1,['P05556']
2419,ITGA4-ITGB1-CD81 complex,1,['P05556']
2420,ITGA4-ITGB1-CD53 complex,1,['P05556']
2421,ITGA4-ITGB1-VCAM1 complex,1,['P05556']
2422,ITGA4-ITGB1-JAM2 complex,1,['P05556']
2423,ITGA4-ITGB1-CD47 complex,1,['P05556']
2424,ITGA4-ITGB1-CD63 complex,1,['P05556']
2426,ITGA4-ITGB1-THBS1 complex,1,['P05556']
2428,ITGA4-ITGB1-THBS2 complex,1,['P05556']
2429,ITGA2-ITGB1-CD47 complex,1,['P05556']
2430,ITGA2-ITGB1-CHAD complex,1,['P05556']
2431,ITGA2-ITGB1-COL6A3 complex,1,['P05556']
2432,ITGA2-ITGB1 complex,1,['P05556']
2434,ITGA1-ITGB1-COL6A3 complex,1,['P05556']
2435,ITGA1-ITGB1-PTPN2 complex,1,['P05556']
2436,ITGAV-ITGB1 complex,1,['P05556']
2437,ITGA6-ITGB1-CYR61 complex,1,['P05556']
2439,ITGA8-ITGB1 complex,1,['P05556']
2440,ITGA9-ITGB1-ADAM9 complex,1,['P05556']
2442,ITGA9-ITGB1-VCAM1 complex,1,['P05556']
2443,ITGA9-ITGB1-TNC complex,1,['P05556']
2444,ITGA9-ITGB1 complex,1,['P05556']
2445,ITGA9-ITGB1-ADAM15 complex,1,['P05556']
2446,ITGA9-ITGB1-FIGF complex,1,['P05556']
2447,ITGA9-ITGB1-ADAM12 complex,1,['P05556']
2850,ITGA5-ITGB1-FN-1-NOV complex,1,['P05556']
2853,ITGA5-ITGB1-CAL4A3 complex,1,['P05556']
2885,ITGAV-ITGB1-SPP1 complex,1,['P05556']
2971,ITGA9-ITGB1-VEGFC complex,1,['P05556']
2972,ITGA9-ITGB1-VEGFA complex,1,['P05556']
2989,ITGA9-ITGB1-ADAM8 complex,1,['P05556']
3035,LAT2-ITGB1 complex,1,['P05556']
3057,ITGA10-ITGB1 complex,1,['P05556']
3058,ITGA11-ITGB1 complex,1,['P05556']
3059,ITGA11-ITGB1-COL1A1 complex,1,['P05556']
3104,ITGB1-NRP1 complex,1,['P05556']
3111,ITGA9-ITGB1-SPP1 complex,1,['P05556']
3112,ITGA5-ITGB1-SPP1 complex,1,['P05556']
6951,NG2-galectin-3-alpha3beta1-integrin complex,1,['P05556']
7012,ITGB1-RACK1 complex,1,['P05556']
7945,ITGA3-ITGB1-CD151 complex,1,['P05556']
9956,CD38-ITGA4-ITGB1 complex,1,['P05556']
9975,ITGA5-ITGB1-TACSTD2 complex,1,['P05556']
9976,ITGA5-ITGB1-TACSTD2-TLN1 complex,1,['P05556']
10621,FLT1-ITGB1-KCNH2(isoform B) complex,1,['P05556']
10622,sFLT1-ITGA5-ITGB1 complex,1,['P05556']
10686,FLT4-ITGB1-SRC complex,1,['P05556']
10715,FLT4-ITGA5-ITGB1 complex,1,['P05556']
3092,"APP-TOMM40 complex, mitochondrial",1,['P05067']
3093,"APP-TIMM23 complex, mitochondrial",1,['P05067']
6056,APP-TNFRSF21 complex,1,['P05067']
7529,APP-Abeta42-VDAC1 complex,1,['P05067']
7574,APP-PSEN1 complex,1,['P05067']
7575,APP-PSEN2 complex,1,['P05067']
7577,APBB1-APP-KAT5 complex,1,['P05067']
7587,APP(AICD)-FOXO3 complex,1,['P05067']
7588,APP(AICD)-FOXO1 complex,1,['P05067']
7589,APP(AICD)-FOXO4 complex,1,['P05067']
8856,Abeta-BCHE complex,1,['P05067']
8857,Abeta-ACHE complex,1,['P05067']
9036,APBB1-APP(AICD) complex,1,['P05067']
9037,APBB2-APP complex,1,['P05067']
9040,APP(CTF-C99)-NCSTN complex,1,['P05067']
9041,APP(CTF-C83)-NCSTN complex,1,['P05067']
10654,Abeta(monomer)-APOE complex,1,['P05067']
10655,Abeta(dimer)-APOE complex,1,['P05067']
10656,Abeta(trimer)-APOE complex,1,['P05067']
682,C-CFTR-NHERF-ezrin complex,1,['O14745']
687,ADRB2-CFTR-NHERF1 complex,1,['O14745']
6702,CXCR2-SLC9A3R1-PLCB3 complex,1,['O14745']
6788,SLC9A3R1-ACTN4 complex,1,['O14745']
6790,NHERF1-PRKCZ complex,1,['O14745']
6791,NHERF1-NPT2A-EZR complex,1,['O14745']
6793,PDZK1-NHERF1-EZR complex,1,['O14745']
8066,MSN-PAG1-SLC9A3R1 complex,1,['O14745']
9611,PTH1R-SLC9A3R1 complex,1,['O14745']
784,SURF complex,1,['P15170']
809,ETF1-GSPT1 complex,1,['P15170']
1177,Polycomb repressive complex 4,1,['Q96EB6']
2590,FHL2-FOXO1-SIRT1 complex,1,['Q96EB6']
2592,SIRT1 homotrimer,1,['Q96EB6']
2593,"FOXO3-SIRT1 complex, oxidative stress stimulated",1,['Q96EB6']
2821,SIRT1-TP53 complex,1,['Q96EB6']
6846,DBC1-SIRT1 complex,1,['Q96EB6']
8473,NMNAT1-RRP8-SIRT1 complex,1,['Q96EB6']
8711,MYCN-SIRT1 complex,1,['Q96EB6']
9089,AR-SIRT1 complex,1,['Q96EB6']
9597,PPARG-SIRT1 complex,1,['Q96EB6']
1095,EGFR-SNX1 complex,1,['P00533']
1185,EGFR-ERBB2-PIK3C2A-PIK3C2B complex,1,['P00533']
2369,ITGAV-ITGB3-EGFR complex,1,['P00533']
2453,"Multiprotein complex (CBLB, EGFR, SH3KBP1)",1,['P00533']
2454,CBL-EGFR-SH3GL2-SH3KBP1 complex,1,['P00533']
2542,EGFR-CBL-GRB2 complex,1,['P00533']
3678,"RIN1-STAM2-EGFR complex, EGF stimulated",1,['P00533']
6176,CDCP1-EGFR-SRC complex,1,['P00533']
6998,ST3GAL6-EGFR complex,1,['P00533']
7943,TM4SF5-ITGA5-EGFR complex,1,['P00533']
8207,ACK1-GRB2-EGFR complex,1,['P00533']
8213,MIG6-GRB2-EGFR complex,1,['P00533']
8445,CBL-EGFR-VAV2 complex,1,['P00533']
8783,EGFR-SNX1A complex,1,['P00533']
8784,EGFR-SNX2 complex,1,['P00533']
8785,EGFR-SNX4 complex,1,['P00533']
10106,EGFR-TNK2 complex,1,['P00533']
10534,EGFR-SLC5A1 complex,1,['P00533']
10836,EGFR-ERBB2 complex,1,['P00533']
10837,EGFR-SSTR5 complex,1,['P00533']
10838,EGFR-SSTR1 complex,1,['P00533']
2145,HSF1-YWHAE complex,1,['P62258']
5199,Kinase maturation complex 1,1,['P62258']
5613,Emerin complex 25,1,['P62258']
5872,BRAF-MAP2K1-MAP2K2-YWHAE complex,1,['P62258']
5873,MAP2K1-RAF1-YWHAE complex,1,['P62258']
5877,BRAF-KSR1-MAP2K1-RAF1-YWHAE complex,1,['P62258']
8582,DDX58-TRIM25-YWHAE complex,1,['P62258']
10454,ADRB1-YWHAE complex,1,['P62258']
10455,KCNH2-YWHAE complex,1,['P62258']
10651,ABL1-YWHAE complex,1,['P62258']
3084,CCND1-CDK4 complex,1,['P24385']
6642,CCND1-OAZ1-ODC1 complex,1,['P24385']
9158,AR-CCND1 complex,1,['P24385']
9347,CCND1-ESR1-NCOA1 complex,1,['P24385']
570,p300-CBP-p270-SWI/SNF complex,1,['O14497']
571,p300-CBP-p270 complex,1,['O14497']
739,SIN3-ING1b complex II,1,['O14497']
3063,Brg1-associated complex II,1,['O14497']
1045,RAN-SNUPN-XPO1 complex,1,['P62826']
1176,NCBP1-NCBP2-PHAX-RAN-XPO1 complex,1,['P62826']
1551,IPO13-RAN-EIF1AX complex,1,['P62826']
1552,TNPO2-RAN-NXF1 complex,1,['P62826']
1554,KPNB1-RAN-RANBP1complex,1,['P62826']
6141,CSE1L-KPNA2-RAN complex,1,['P62826']
6143,KPNB1-RAN complex,1,['P62826']
7881,NMD3-RAN-XPO1 complex,1,['P62826']
8251,RAN-RANBP3-XPO1 complex,1,['P62826']
8252,RAN-XPO4 complex,1,['P62826']
8254,RAN-XPO5 complex,1,['P62826']
8257,RAN-XPO6 complex,1,['P62826']
8258,RAN-XPO7 complex,1,['P62826']
8259,RAN-XPOT complex,1,['P62826']
8260,IPO4-RAN complex,1,['P62826']
8261,IPO5-RAN complex,1,['P62826']
8262,IPO7-RAN complex,1,['P62826']
8263,IPO11-RAN complex,1,['P62826']
8264,IPO13-RAN complex,1,['P62826']
8274,IPO9-RAN complex,1,['P62826']
8275,IPO8-RAN complex,1,['P62826']
8290,RAN-TNPO3 complex,1,['P62826']
8293,RAN-TNPO1 complex,1,['P62826']
8299,RAN-RANBP1 complex,1,['P62826']
8331,DLD-NFE2L1-RAN complex,1,['P62826']
8586,ILF3-RAN-XPO5-ZNF346 complex,1,['P62826']
8670,CSE1L-KPNA4-RAN complex,1,['P62826']
8671,CSE1L-KPNA3-RAN complex,1,['P62826']
8672,CSE1L-KPNA1-RAN complex,1,['P62826']
8673,CSE1L-KPNA6-RAN complex,1,['P62826']
1332,Large Drosha complex,1,['O00571']
5232,TNFalpha-NFkappa B signaling complex,1,['O00571']
8580,DDX3-IKBKE-IRF3 complex,1,['O00571']
8682,DDX3X-IKBKE-MAVS-TRAF3 complex,1,['O00571']
8721,DDX3X-IKBKE complex,1,['O00571']
7113,ABRAXAS2-SHMT1 complex,1,['Q15018']
7114,ABRAXAS2-SHMT2 complex,1,['Q15018']
8463,BRISC complex,1,['Q15018']
1335,SNW1 complex,1,['P07437']
10437,ANG-TUBB complex,1,['P07437']
10450,TRAF3IP1-TUBB complex,1,['P07437']
10896,TIP60-C complex,1,['P07437']
1826,SMAD3-HEF1-APC10-CDH1 complex,1,['Q9UM13']
149,PBAF complex (Polybromo- and BAF containing complex),1,['Q969G3']
554,PBAF complex,1,['Q969G3']
556,"PBAF complex, BAF200-specific",1,['Q969G3']
1238,PBAF complex (Polybromo- and BAF containing complex),1,['Q969G3']
1239,EBAFb complex,1,['Q969G3']
3065,"RNA polymerase II complex, chromatin structure modifying",1,['Q969G3']
7975,PBAF complex,1,['Q969G3']
1308,EIF4G1-HSP70-HSPA8-HNRNPD-PABPC1 complex,1,['Q04637']
10251,CCT3-TUBB2A complex,1,['Q13885']
10252,MYH9-TUBB2A complex,1,['Q13885']
10258,PDLIM5-TUBB2A complex,1,['Q13885']
10451,TRAF3IP1-TUBB2A complex,1,['Q13885']
521,Polycystin-1-E-cadherin-beta-catenin complex,1,['P35222']
522,Polycystin-1-E-cadherin-beta-catenin-Flotillin-2 complex,1,['P35222']
826,CDH5-CTNNB1-PARD3 complex,1,['P35222']
1816,JUN-TCF4-CTNNB1 complex,1,['P35222']
2998,AXIN1-CTNNB1-GSK3B-PPP2R5A complex,1,['P35222']
3004,APC-AXIN1-CTNNB1 complex,1,['P35222']
3155,TFC4-CTNNB1 complex,1,['P35222']
3166,AXIN1-APC-CTNNB1-GSK3B complex,1,['P35222']
4095,CTNNAL1-CTNNB1 complex,1,['P35222']
4096,CTNNA1-CTNNB1 complex,1,['P35222']
5177,Polycystin-1 multiprotein complex,1,['P35222']
5260,CTNNB1-EP300-HADAC6-SUMO1-TCF4 complex,1,['P35222']
5261,CTNNB1-EP300-TCF4 complex,1,['P35222']
5262,CTNNB1-TCF4 complex,1,['P35222']
5264,CTNNB1-CREBBP-TCF4 complex,1,['P35222']
5274,"Cell-cell junction complex (ARHGAP10, CTNNA1, CTNNB1)",1,['P35222']
5281,"Cell-cell junction complex (CDH1, CTNNB1)",1,['P35222']
5772,CDH5-CTNNB1-KDR-TJP1 complex,1,['P35222']
6206,AR-CTNNB1-CTNNBIP1 complex,1,['P35222']
6264,DLG5-SORBS3-CTNNB1 complex,1,['P35222']
6269,DLL1-CTNNB1-CDH2 complex,1,['P35222']
6334,Afadin-beta-catenin complex,1,['P35222']
6336,CTNNB1-DNMT1 complex,1,['P35222']
6337,Amot-cadherin-11-beta-catenin-p120 complex,1,['P35222']
6339,beta-catenin-B-cell lymphoma 9 protein  complex,1,['P35222']
6343,SETD7-YAP-AXIN1-beta-catenin complex,1,['P35222']
6354,Sox4-beta-catenin-p300 complex,1,['P35222']
6359,RHAMM-beta-catenin complex,1,['P35222']
6362,PDLIM1-E-cadherin-beta-catenin complex,1,['P35222']
6364,OVOL2-beta-catenin-TCF4 complex,1,['P35222']
6655,CTNNB1-TBX5-YAP1 complex,1,['P35222']
6680,CTNNB1-GLIS2 complex,1,['P35222']
6907,CTNNB1-FERMT2-TCF7L2 complex,1,['P35222']
6908,CTNNB1-FERMT2-YBX1 complex,1,['P35222']
6961,CTNNB1-GID8 complex,1,['P35222']
7278,CTNNB1-GSK3B-PHF19 complex,1,['P35222']
7279,CTNNB1-BTRC-PHF19 (short isoform) complex,1,['P35222']
7312,CTNNB1-ESR1 complex,1,['P35222']
7318,CTNNB1-DDX5-HDGF complex,1,['P35222']
7534,CTNNB1-EPCAM-FHL2-LEF1 complex,1,['P35222']
7597,CTNNB1-RUNX3-TCF4 complex,1,['P35222']
9152,AR-CTNNB1 complex,1,['P35222']
9796,HDAC7-CTNNB1 complex,1,['P35222']
10046,CTNNB1-TBX5-YAP1-YES1 complex,1,['P35222']
8305,PP6 holoenzyme,1,['O00743']
8319,PPP6C-TRIM14-WHIP complex,1,['O00743']
8320,ANKRD28-PPP6C-PPP6R1 complex,1,['O00743']
8321,ANKRD44-PPP6C-PPP6R1 complex,1,['O00743']
8322,ANKRD28-PPP6C-PPP6R3 complex,1,['O00743']
8323,ANKRD52-PPP6C-PPP6R1 complex,1,['O00743']
8696,DDX58-MAVS-PPP6C-TRIM14-WHIP complex,1,['O00743']
5876,EIF4A1-PPME1-PPP2CA-PPP2R1A-PPP2R1B complex,1,['Q9Y570']
224,CAND1-CUL4B-RBX1 complex,1,['Q13620']
1211,"Ubiquitin E3 ligase (AHR, ARNT, DDB1, TBL3, CUL4B, RBX1)",1,['Q13620']
6482,CUL4B-DDB1-DTL-CSN complex,1,['Q13620']
6487,CUL4B-DDB1-TLE2 complex,1,['Q13620']
6490,CUL4B-DDB1-WDR26 complex,1,['Q13620']
6495,CUL4B-DDB1-GRWD1 complex,1,['Q13620']
6553,CUL4B-DDB1-TLE3 complex,1,['Q13620']
926,SCRIB-LGL2 complex,1,['Q14160']
928,SCRIB-VANGL2 complex,1,['Q14160']
930,SCRIB-GIT1-ARHGEF7 complex,1,['Q14160']
933,APC-SCRIB complex,1,['Q14160']
6777,SCRIB-NOS1AP-VANGL1 complex,1,['Q14160']
6778,SCRIB-GIT1-ARHGEF7-PAK1 complex,1,['Q14160']
6779,SCRIB-GIT1-ARHGEF7-PAK2 complex,1,['Q14160']
7833,MRAS-SCRIB-SHOC2 complex,1,['Q14160']
10044,SCRIB-YES1 complex,1,['Q14160']
10808,SCRIB-TSHR complex,1,['Q14160']
6455,ARL2-TBCD complex,1,['Q9BTW9']
1055,ZNF198-PML complex,1,['P29590']
1827,PML-SMAD2/3-SARA complex,1,['P29590']
2162,APPBP1-UBA3 complex,1,['Q8TBC4']
8737,EFNB1-TUBB4B complex,1,['P68371']
10265,DLGAP4-TUBB4B complex,1,['P68371']
10441,ANG-TUBB4B complex,1,['P68371']
